{
  "normal": {
    "precision": 0.5350467289719626,
    "recall": 0.6002621231979031,
    "f1-score": 0.5657813465101915,
    "support": 763.0
  },
  "pneumonia": {
    "precision": 0.7373913043478261,
    "recall": 0.7779816513761468,
    "f1-score": 0.7571428571428571,
    "support": 545.0
  },
  "tuberculosis": {
    "precision": 0.6890243902439024,
    "recall": 0.5991516436903499,
    "f1-score": 0.6409529211571185,
    "support": 943.0
  },
  "accuracy": 0.6428254109284762,
  "macro avg": {
    "precision": 0.6538208078545636,
    "recall": 0.6591318060881333,
    "f1-score": 0.6546257082700557,
    "support": 2251.0
  },
  "weighted avg": {
    "precision": 0.6485423878610274,
    "recall": 0.6428254109284762,
    "f1-score": 0.6436040111867153,
    "support": 2251.0
  }
}