{
  "normal": {
    "precision": 0.6753585397653195,
    "recall": 0.6788990825688074,
    "f1-score": 0.677124183006536,
    "support": 763.0
  },
  "pneumonia": {
    "precision": 0.8529886914378029,
    "recall": 0.9688073394495413,
    "f1-score": 0.9072164948453608,
    "support": 545.0
  },
  "tuberculosis": {
    "precision": 0.8161849710982659,
    "recall": 0.7486744432661718,
    "f1-score": 0.7809734513274337,
    "support": 943.0
  },
  "accuracy": 0.7783207463349623,
  "macro avg": {
    "precision": 0.7815107341004627,
    "recall": 0.7987936217615067,
    "f1-score": 0.7884380430597768,
    "support": 2251.0
  },
  "weighted avg": {
    "precision": 0.7773610974767685,
    "recall": 0.7783207463349623,
    "f1-score": 0.7763379413267342,
    "support": 2251.0
  }
}