{
  "normal": {
    "precision": 0.5712707182320442,
    "recall": 0.6775884665792923,
    "f1-score": 0.6199040767386091,
    "support": 763.0
  },
  "pneumonia": {
    "precision": 0.8262295081967214,
    "recall": 0.9247706422018349,
    "f1-score": 0.8727272727272727,
    "support": 545.0
  },
  "tuberculosis": {
    "precision": 0.7690217391304348,
    "recall": 0.6002120890774125,
    "f1-score": 0.6742108397855867,
    "support": 943.0
  },
  "accuracy": 0.70501999111506,
  "macro avg": {
    "precision": 0.7221739885197334,
    "recall": 0.7341903992861799,
    "f1-score": 0.7222807297504895,
    "support": 2251.0
  },
  "weighted avg": {
    "precision": 0.7158427987464517,
    "recall": 0.70501999111506,
    "f1-score": 0.7038667241695826,
    "support": 2251.0
  }
}