{
  "normal": {
    "precision": 0.6195244055068836,
    "recall": 0.6487549148099607,
    "f1-score": 0.6338028169014085,
    "support": 763.0
  },
  "pneumonia": {
    "precision": 0.8705281090289608,
    "recall": 0.9376146788990826,
    "f1-score": 0.9028268551236749,
    "support": 545.0
  },
  "tuberculosis": {
    "precision": 0.7699421965317919,
    "recall": 0.7062566277836692,
    "f1-score": 0.7367256637168141,
    "support": 943.0
  },
  "accuracy": 0.742780986228343,
  "macro avg": {
    "precision": 0.7533315703558788,
    "recall": 0.7642087404975708,
    "f1-score": 0.7577851119139658,
    "support": 2251.0
  },
  "weighted avg": {
    "precision": 0.743309832142166,
    "recall": 0.742780986228343,
    "f1-score": 0.7420544141373314,
    "support": 2251.0
  }
}