{
  "normal": {
    "precision": 0.6769436997319035,
    "recall": 0.6618610747051114,
    "f1-score": 0.6693174287607687,
    "support": 763.0
  },
  "pneumonia": {
    "precision": 0.8443396226415094,
    "recall": 0.9853211009174312,
    "f1-score": 0.9093988145639289,
    "support": 545.0
  },
  "tuberculosis": {
    "precision": 0.8112773302646721,
    "recall": 0.7476139978791092,
    "f1-score": 0.7781456953642384,
    "support": 943.0
  },
  "accuracy": 0.7760995113282986,
  "macro avg": {
    "precision": 0.7775202175460283,
    "recall": 0.7982653911672172,
    "f1-score": 0.7856206462296454,
    "support": 2251.0
  },
  "weighted avg": {
    "precision": 0.7737484050087298,
    "recall": 0.7760995113282986,
    "f1-score": 0.7730355143537471,
    "support": 2251.0
  }
}