{
  "normal": {
    "precision": 0.6229946524064172,
    "recall": 0.6107470511140236,
    "f1-score": 0.6168100595632032,
    "support": 763.0
  },
  "pneumonia": {
    "precision": 0.8524305555555556,
    "recall": 0.9009174311926605,
    "f1-score": 0.8760035682426405,
    "support": 545.0
  },
  "tuberculosis": {
    "precision": 0.7572815533980582,
    "recall": 0.7444326617179216,
    "f1-score": 0.7508021390374332,
    "support": 943.0
  },
  "accuracy": 0.7370057752110173,
  "macro avg": {
    "precision": 0.7442355871200103,
    "recall": 0.7520323813415352,
    "f1-score": 0.7478719222810923,
    "support": 2251.0
  },
  "weighted avg": {
    "precision": 0.7348005674892238,
    "recall": 0.7370057752110173,
    "f1-score": 0.7356972177926534,
    "support": 2251.0
  }
}