{
  "normal": {
    "precision": 0.5457463884430177,
    "recall": 0.4456094364351245,
    "f1-score": 0.4906204906204906,
    "support": 763.0
  },
  "pneumonia": {
    "precision": 0.8571428571428571,
    "recall": 0.9137614678899083,
    "f1-score": 0.8845470692717584,
    "support": 545.0
  },
  "tuberculosis": {
    "precision": 0.6723973256924546,
    "recall": 0.7465535524920467,
    "f1-score": 0.7075376884422111,
    "support": 943.0
  },
  "accuracy": 0.6850288760550867,
  "macro avg": {
    "precision": 0.6917621904261098,
    "recall": 0.7019748189390266,
    "f1-score": 0.6942350827781535,
    "support": 2251.0
  },
  "weighted avg": {
    "precision": 0.6741972588417877,
    "recall": 0.6850288760550867,
    "f1-score": 0.6768678930686574,
    "support": 2251.0
  }
}