{
  "normal": {
    "precision": 0.6693333333333333,
    "recall": 0.6579292267365662,
    "f1-score": 0.6635822868473232,
    "support": 763.0
  },
  "pneumonia": {
    "precision": 0.8477905073649754,
    "recall": 0.9504587155963303,
    "f1-score": 0.8961937716262975,
    "support": 545.0
  },
  "tuberculosis": {
    "precision": 0.801123595505618,
    "recall": 0.7560975609756098,
    "f1-score": 0.7779596290234588,
    "support": 943.0
  },
  "accuracy": 0.7698800533096402,
  "macro avg": {
    "precision": 0.7727491454013089,
    "recall": 0.7881618344361687,
    "f1-score": 0.7792452291656932,
    "support": 2251.0
  },
  "weighted avg": {
    "precision": 0.7677506487823379,
    "recall": 0.7698800533096402,
    "f1-score": 0.7678164462771931,
    "support": 2251.0
  }
}