{
  "normal": {
    "precision": 0.6826697892271663,
    "recall": 0.7640891218872871,
    "f1-score": 0.7210884353741497,
    "support": 763.0
  },
  "pneumonia": {
    "precision": 0.8492935635792779,
    "recall": 0.9926605504587156,
    "f1-score": 0.9153976311336718,
    "support": 545.0
  },
  "tuberculosis": {
    "precision": 0.8868421052631579,
    "recall": 0.7147401908801697,
    "f1-score": 0.7915443335290664,
    "support": 943.0
  },
  "accuracy": 0.7987561083962683,
  "macro avg": {
    "precision": 0.8062684860232007,
    "recall": 0.8238299544087241,
    "f1-score": 0.8093434666789626,
    "support": 2251.0
  },
  "weighted avg": {
    "precision": 0.8085447119476641,
    "recall": 0.7987561083962683,
    "f1-score": 0.797649263294641,
    "support": 2251.0
  }
}